asin,l2_category
e19dd21e7d51f366dd22ef1fe1f82f08,wellness
bbe9fddcf89955bc564cec961ad1d774,beauty
24bae66994ba73fcbcbfb8603de8e1b8,house
2d65bdc62782f17372888fb6c7051d1c,beauty
6c86f948a58a3451b8888838a1886623,garden
f61c6527c5c54bb577a11bf67a1993ce,entertainment
a4095b12caf9721d6a2ea18537428407,beauty
a56b5d35f674849d97c337fca95c61c9,beauty
5875705523eae31f0ad390eb1a9931f6,other
ad1975e3b528f5a3fb39d606735bd561,other
da6b606e97116e590a5e68db544b9881,wellness
75e741ddf3abb273a5458c0910a51551,other
756f53ccb716f0f9e6e4b37b194e6599,house
01f4981d25ec804a3e0cf220272ff1be,beauty
6fa66ac7be7b27aa1cc0509150b1ae80,house
b956c3bb800c733fc07417af5c62b64d,house
266bdc1fa179de8026f3e658eae745ef,beauty
a149160fe22cffa41a02d91a48aa6e74,wellness
c6cb52792ab20e01eb72353bf3b7cc99,house
816bdb66e5bfccadf216069d0d032c03,wellness
28798eed019851a7f5137cf4abadf089,entertainment
12c9e9de321523a3807f55e45b245ad8,garden
e741ab6ad1868598ed8ddde4678acf11,pet care
c61d5c01d91061acc39ec5f2d99b4f07,other
422eb158878c34b6b1d651dfc24238c4,pet care
479c9ee60791bc1d77fbad87ae89f110,beauty
3735c21af7ff492a903836b94b61559c,garden
196fd47063d7e9e761529d72e33d1be5,beauty
46c0de77332b21ebfcc06a0ac12cb9cd,wellness
55ef5d74e2e69bc2a499b8e7bf8917ef,house
2b6a3abbee843e4179023b6e7929fbac,wellness
79f64a4ef668dea227b9394750ff524c,garden
1d35863ca70bfea4eace546bc49eaa61,wellness
03a53ff277b1dc6fb7a6981dcd7bcefc,house
47781a29360cbcfbca64479886f7bcc9,pet care
0b69554f30d264710b0e0633308ddad8,house
6ff9521a219a0aba9946fbb5cd0c780b,pet care
33a481aa9103ed6ff6f5b2c440981dae,wellness
e44838a4ea62642c7afa62465b0a3386,beauty
54ccc7823085512129375ff59c254818,
06c00835d2d182c006ce2c37056851cb,beauty
2af8da68768a970fd8d4391091ddf312,garden
0f34262d4e999d15a6803613a3c27bd4,beauty
caf77ee25feb6d1f55c0ac61405d4505,beauty
075abc2603d26c0815d59289006a6611,garden
6c91e734bbe3eb454456ab7fb17ce83e,entertainment
890c58d1ab84b69c6e44b10e0696c758,wellness
664b90531b592fdac99a3ef72b3d6386,other
e63a9033c9cdfe51b877dc8d9a2903f7,beauty
f2e9ecb4b4b08f6915beb9dee5e12980,wellness
0c26b0e533abaf3e7fcd553a0fde5c3f,house
eea8202799875c227b4aa8541724301e,entertainment
019d12418a3350d3257f1efb336a26f8,beauty
c0a9e6762505665f6f22f86fd1d356a0,beauty
5cb61a6e8cbd51d6e25fe4592b3cce4b,wellness
9f525e01e6c3582fc55daa076d2b30c8,beauty
b22887a392da26d380ac9def596fcbca,pet care
9afff928540472828e5d9e76206bfb9b,spirits
f95a7fc48b80b054a580275076cb6b53,other
b1b744afee7301a2f2d6baf61238dad9,wellness
8d44b89df6260125bb193a76125dd709,beauty
e911cec1f3698200bc50607668a411e8,garden
8e15a2c5f6c5cfb3459532dc3a6a8955,garden
7f2dd809d0a6ab95e19a29024a5c2c7b,pet care
d6e45cf179316975aa519008692cec81,beauty
eab0f13684c453c4f4ffb31f120d26c9,spirits
24d0f88d604936b1d234e08d4391c61a,house
3b7feae4e7f0a42256b352e2bdf30256,other
0372f815d983c2cf73fb108a7c0f446b,beauty
fdcadcd1098566e56a645e866c3419f8,wellness
d38e5d2aef9003c9b1c87905d0ce82d9,wellness
11a8b750bca98cc1b4c052f9d39425cb,house
e7e396af089a2e58c25c788b2882d593,entertainment
12cb46df03290fdd55f3e065dc0fce2a,house
35abae40487988bec52d62ec707650b9,wellness
e36161adbea453c8cc5b0c8be7ce4bff,pet care
a0e1ce5cfa8ce0fbad698c920bc051fb,beauty
dccd23047c025d2a20154d63248c3805,wellness
5c999c89c3a4ea793c9b5cd20b9129ba,wellness
8771b2e7af42b3b184681bfae1950ae8,wellness
4789c5d301b8b02fc023548ba1ed2580,pet care
e8a5b66498500dadeb0281617da02568,beauty
97fccccbe0e7d0641ce2982f1d512594,pet care
d6192b1cb7ac11a9ccfe1f7284bf5f23,beauty
976b9e929cc0e5ee588777e4c9c921cf,garden
ee45116a867218648c3c068ca9f81341,house
e883f2f2f7ef7159786781cd8c7cae7d,wellness
90299d9e99124c980771ac9022e00b10,garden
bb6abd06c0ddd2ad797b3ebad10def94,wellness
f412a55a09a9bb2c2774a8b1e4ec3785,other
d2af308ee1c044f095b8d2fef42f6325,pet care
8978dafc35fffcc42df2c013181680ef,house
f5dbeae09ba497b3e58f92fdd04df72e,garden
ef9af66e42e9403a2f9f13b2909407eb,garden
56a1e5278277da7a0bc6bb9edd2288c1,beauty
67b12ee0b204b2020a4ae7596d5dba47,other
88a4a58aa6e32be89c75add71d289661,wellness
66a56aa217cff3c3b6c477fe08310f87,wellness
689c0648a9b187ebf740e3b9b9cc08b8,garden
de494094b4a57ec7c8ecb7ac8c72ebb8,beauty
b9215e9b0e98a367197955f1fce20595,house
0c7a6680fd870ec356ae094fb1be59c2,wellness
ecec2274a741a53fc41d65877645fe52,pet care
1d6b192c61d3943cb2ed1acd2413fa71,pet care
579cf574f21670d0ff6b6c697f4c7d2b,wellness
2cde92128b051698357da336a6e24dba,other
81baf46b420ad9beea7627f4e6129da5,other
8b7fa330002de4fc4bfb27ef0bcfe28d,beauty
48a1e905a7f04cc939c9d1821e32ccb0,entertainment
3eb3fa7ce4074bd12185bf65297eb391,house
e23595fc2d41d78a2b4394c1cff5a755,wellness
67c1119e1207bb9c640724eb6b6b905d,wellness
ed13841b46ef7cf9212799f72225fb84,house
1a5f10c7d0042ced66d4c014e76ad16f,wellness
98316538caac652618844699d1ea99f4,beauty
543f1706ffa566f372784fc016d24f48,wellness
6e3b47095f58b945e2c5f10460668808,beauty
a63fdbc4c39a05d2d42bf392a0943fe8,garden
672bdf32cc56a2a5d7052fde927c31da,house
76b2de238b9115c8c777488fa1f542ad,other
c9a0b85021f6e42775610ab2da9e93fc,house
f998f577ad7cf228c7117e3be2a456f4,pet care
2708e2419fc70ff18badac1df362d3eb,house
32d43cd9ac572c3b811fb0bcb2600d23,house
e44a4e72c21570dee83b1194f6083f44,wellness
28ac0773ce597664e6560c9db6ab8cba,beauty
2d3ea42ad851090b4892e7f89e39062d,garden
38e8c87098ebba2e3c9e4079e59ef4ae,wellness
0e5baaaced724eb9168f8eafd184126d,wellness
38c4ed1df33798e2aaec0e49e10fae20,beauty
a6b1e5a645493b64ed97ca80f7d8ea3a,house
6dd9d5b66146189f1d495cbb3c8188e9,wellness
6289a6eb67693f4a2cfc5a52a807cb58,garden
b751ae8f8a76ed05b763c6a254e905b2,wellness
a48b58b0e19b061a22c01a1eef7947bd,wellness
d30948cd09a249113838be2d650f70c8,beauty
f50361c42beb0d75de6dcedc55d58d4c,other
709316a1e4b812ed8ebada16527c704e,entertainment
8d1118fdd64541b2777d278a6351f0fc,beauty
613e91b344fe5e6df2aef0e62bf5947c,garden
fab82fc1f419dd17f5e9cec5d3ca190e,entertainment
5d5b148124898eeee7ac15edf58cfa0e,garden
87dce4a4dbbac490d3ff580a9799e060,garden
d7aee11865a3b8d0a9154c97be436af5,garden
55b16f9d51cc282c5c1400ad0407085f,house
bbaa5fc1a14527d1fd4df728ccc1b033,other
e03af973e2074267025574422e3a0a75,entertainment
80ff1c0ca92d2a02ad6f593027f189ca,pet care
1bf5c2399ee64988720b71268cde6cea,beauty
cc3e3ae6ec053171356fdcce0ccdc5ce,garden
0cccdaee13537e0b6b0ad8f89c7209c6,beauty
7f79624e74b82b5bfcd43a6b86de93f0,pet care
c8b19942f72d399ee5ae499863fdbf30,beauty
d26301e0d5b9c904df6f6d6f31086d5b,house
6f4921633c361838bbf6b1e7352af832,pet care
78db179a858032b907e0adf01f6015df,entertainment
25df5887c9af46683d1647cfde0debd0,house
dbbdbb471b1af1f679a9508990d42a32,pet care
8429c2582188adad3ba8aa18a3fcb3a7,other
30593bfd99cf544a1a7c745aa5083594,garden
27533319649e40dd7533d0660b48bb6c,beauty
5de5b21e0f81ba8a11947b957c16cabc,beauty
ccf80e20823132e87394e33fefa553e7,beauty
c961c72398cc90a182776c12f3b44bed,wellness
c253393250c769ff58249e352b9ce606,beauty
6f9d440dc8e9d74e1f49fd89a6eab084,other
fef81f9f061688c9a15ac5f450fb1707,beauty
d949f955cfb164e17988b2195cf1917c,beauty
73b53548883dd2641ae5e949a561b28e,beauty
58ebc6345c6adb1874d5aa076a4fd8f6,house
5bd5a287865fe8d03bd6e3d5ce2b5411,beauty
c717d89a2e85eb8d2b0c8120cc07ab61,garden
62af2239b0239d7301a5c0b1309c083d,garden
2aef648881b4e4fe34eb7500201c16f5,beauty
8b89120a308a962286a6f5e1e0c2b474,other
eddd349dad29777c8d2aa5667aed24cb,wellness
9489de429ee6957be90961bc980776ff,pet care
8aaede352cb3207045968ecd78982d3e,entertainment
1a78afc9fc5fe0ad472817788ba92064,wellness
c685af0af33fc8f8e80894b91f073f4d,beauty
6a7fd67ea172696adcea2953e4bf08fd,house
2313e07835f470ec33e561b0d5ef791c,other
138a43e160253211d1446004526c207b,garden
c7c0844c7c9890dd1a8b14f720478188,house
c3806775b206880ebb48959c00772ff8,pet care
53818f37829947b4b1f7c07b0a91fd08,garden
3ef8e8a95732d31ce2b438978c73be62,wellness
79ffc46a841b05f9f6d3fadb3266bc95,garden
60858797450ccf017d4e5aef8ce0a90d,wellness
31354ca7d4ceca331ee3c85a05f9cd01,house
4041902228b82b6196aa6cd0952b07c3,other
431ed659a8e812c2341ebd8f7d14c075,beauty
2451abc8c9fa9dcfb4344129545d4320,wellness
1265c40fd7e0bf17b02349f43c75d0c4,beauty
b90495854dfe8dd4e111c9c076f848f3,garden
217156263ca5af5ec3038d66803d3812,beauty
752d4046810e0c543977f37ea5eb00b2,wellness
b19470b1b26c8ef1b71a3ac1450052bc,house
868296c15df062464a98594257834d4f,pet care
8479449c74bc772ec8820ff404f0c373,beauty
c9d6ab9a336c392f3988d5ed6541d66f,house
301049d537e4a8cf78e70f339455803a,spirits
0ab136de529863e321d8ed035f7ec9bb,wellness
e4b5bfa8a073dc48460e4fe70bf934cf,beauty
c27971df0f60cd0f66d0878444b6821a,house
6c699622d82bb9131dbd60e82f11b46f,garden
421b249953c6129c656ceb287118618c,garden
c6be54e1c725808a15f032d3dd8c04e2,beauty
8f2cf401b7ed1b11bad7f0399513b2f8,garden
8dfac4ee381f1b7b3c700385aa9c2086,pet care
03678894ffb3df3a84681fa424880476,entertainment
c3cae56a41a559952b4bc5bd88f67a4a,entertainment
9df34694c01770e5f86aeeef46e55bb0,beauty
81430954d86b3f6953e1720ceb5ef642,garden
6c6e86e7949701a8ba31c53ecebbdaec,pet care
4d2427016c1c434b57a0d391c89cc2c9,entertainment
02cd9c428457c86dd6a26c9676400e47,other
d47003df155d56678a811d2327148dcf,pet care
e00dcbbddeeb54a0d3158ae135c75a0a,garden
2952663b17e7b1839b090b57e1c066e2,beauty
706ca30847e1476bcf01b17b512b8440,beauty
3abb54a3f73736376485fb67265bd574,other
c36a59fecd055fd2dad4e7fe61644619,entertainment
afe1ecbc023eeba877980a3f8dfc4a66,garden
7d3098d957fea3fc09860b89cfe26938,beauty
5f9d24132577a8b8f3e603f40016a000,beauty
1d7d6ec8d7e777c848eb171d6a22c144,house
dce7ab66871e4004be04f056a4f7a489,beauty
214a14d712a1efb1c65a2decb880603d,garden
38d9825d31d0394ed0b9028b58044423,house
46e7a065b80781b7db38730e074fd50e,beauty
ad13c49c84416c6762af5d1453300a17,house
b4e1a098d99f271372efc8580838aab1,beauty
cac0ec2d889fa653464a4f585a56b318,garden
9d0844ea2378d1bd851bb0fc1587d79d,beauty
b8caa9d8aff16fe2b7738ece7bdf4d0b,pet care
3339bccce0c1f45abbcdbd26f0dd66a4,beauty
1635d4927f8a32392b51e7be83de1981,wellness
92a0d1b39482d304608639a1e8494f1a,garden
81ffc6c4381bd2b25536abd69c5e9da3,other
4086b2024760189962460eb2b1aa0c78,entertainment
fd66c297fa92101ccd23c2d8b20abd84,pet care
9f340ffcaa3eb21a84302ff9a202f232,house
a6e81489dcbdb171775756587e197e71,house
dd29a58fc8b34d2645d2a2abc471dbf1,wellness
c4261cb8f30cb06a8a2e2bac685579b9,beauty
68457f614e8e8600e39ddb8211d0fd75,house
7568150878c146eaa4a342de6620381f,other
9cca7a909f6ab45e175950a2a6b8556f,entertainment
ed386fca8920eb2c2db74837353036a1,garden
bd0ef2a6c05036c619a61dbcbbcf31f0,wellness
bc9e9f546cafef2880a8e5ff33084a67,wellness
67bd3c971befff7c4bb4f53320aa88a7,other
1bcb5ecc056b792b2dcaad68557992db,wellness
eca4db2bbf148f431256a46e457ef05e,spirits
375cdf51654b514918a79532ac7f308a,garden
6aa195e4df33c0de237f231e52819f4d,garden
c8d03d6b5c1088bbc06e3e6c6919bb55,wellness
d1b3aa1e44c209f28bec5f91ab49fe60,garden
13743a9b23cf7d2749cc2f4aace3f33d,garden
160ccf6dee4c4ccf634f52c30c5f7f82,entertainment
508b41814c38ce00238255661205f6e4,beauty
be7fd89690e5d5f8df536d953bc980f3,wellness
a2e195b055bbfe32b3e69e8fd8893990,garden
ce419943014237921e7d75c0044f6f3e,other
355ec221bdd4565963057a0fea9038ec,beauty
7e80cf62b0b26c68e87c8955656c01a2,house
591f541c51e625fbbef4513be41fad26,wellness
1b7445450513d668209922f65a5c9ce1,other
d56c709bcfba587817303f0a0e646a0c,house
eb7473bb21c1db0bab78e6af6fb40c9d,pet care
2ac5a03eec1b001ab4e9b8ed444c041d,beauty
ebad0b73e9c24c5284fcf4b5ea858574,garden
76d80d847dd47804bda2b01d59be9848,other
17fc616ae032e531e7953efab839af69,beauty
f5c840a8291dc38aa227bdd40cdb13ed,house
47c6f54b7410c013aea487da52fc951e,house
6bf4ccfb225e767967809715d8afbff4,wellness
b9b068acbcc8486da232717759551900,wellness
32a9c4c03e67de89ad47a64d810aa0f0,beauty
435bcd4caf9e604d23d31ad6a6cf5fbb,pet care
9093f19b0e74df41097e5a5d3d071680,entertainment
35dad09f39c4b9a523b35195c34df17a,pet care
a9194b821fa0f997598bf46ab2f9be6a,wellness
c6d698a6a1e3c2c228aa8f3f0c25d4a7,house
4cbd496155d71094e0df77d5b0535ae9,wellness
e2a7e4300232a2305d4c49bd42c69445,pet care
174dd0c7fd54402bd4b9d500fc61c4b8,beauty
d3d997971f5a28f646c4fe064916a06e,beauty
7d6d68012b52ceeea8908b50c2780e52,beauty
9bc45e0037571357bc9f3fcb098e8eeb,other
0865425c92b453b68c2852a24364dcc0,wellness
2c8806421618d2346fa94dfdf081a6b4,wellness
aea57ddd99065e09f7a3cda8ce102dbb,house
61d57f90784adbf83d7bc0efed53cdfe,entertainment
5381511456982fa84f822a294167ec7e,pet care
9984d98f1771a67d0a75f074b042f8e3,wellness
0063d8d5ed3c6e718687c45cc3ca9559,other
04c34d29a9b291532f6549c46239bab0,beauty
12f056b3b69e59c26ba07104b8f29f17,other
e6b8f4a2fc05e7e58461e8e5925f6501,entertainment
87d5e4d41685b346856c9bee47e4d777,garden
f80f901cf38b65f02ee75baead46a91a,pet care
a964474fcfd507a89038e941cd4b71c3,wellness
b2a8e92397cd8ce192aa2a9c3c58b6b1,beauty
623d0c0f9a1c3323464be414efdb1a1e,garden
7a8a8ba0863e6eee5757796a666d78fd,
be58a49225bd312e42675b9da27d4b52,wellness
349215f6ba7e70f19a2e3fe1d5eda405,beauty
8fa1a7d32bb727094e97473749dbbb96,wellness
ae37dd9e3cfc7bc8bd6df504dcfd7031,pet care
e8105c8d24277b1af7d7c9d6e7233fed,garden
60ef0760847352d9bb2067fc886c9757,wellness
17d064ed102e0e8f58072544165a2d99,spirits
c40a6e82b18d69f9a32bc9382d4bcb16,beauty
60d5556fb771ef3891e0581783f53a22,beauty
d79598e4320d3739c4f303a0d558ff68,garden
6a9befe398cfd4ff8680fe4d06c4bb43,wellness
a215012e8383c3bbf163c1bca5180b29,beauty
a45adb685177b0e0a4a2a73b028b314c,pet care
828a21ca8de83928795136bfaea6efe8,wellness
5d95d046b893c7cbd2450ebf8cff4ec8,beauty
f53b8661e6dfdcf12f4f69754c0af67b,other
40e044d9122616d3f03788c210c26bbb,wellness
d6e7f6017336c91015ece1cbf2702ee3,beauty
39c70fd8e943af5ad0ccf4c27a9a8ea4,pet care
153f9614dd7984599546ea82d1ce8a04,wellness
ece288144fb53840742e5bbac058e337,house
42904dcc15937ea7c15ef5f94143c3dc,entertainment
e1d4d09998f7f1887a62bb303dd6ca25,entertainment
edd2ebaa1ad138ed0c14257e5a6aa220,wellness
a9d860df1488d00f0866eb3af4c40f9b,house
d8dcbdfe0c1dacc66daa746eec73e236,entertainment
3dabc180a1d13de7e9e4f9afb6aad6d5,beauty
47c75c28572388e4ccdd6c97358bcfff,house
ec213cc8c2aa25e842614c0c2313c8d0,beauty
2d2c8e1a84e8a0be7b21f2bc638a81d0,wellness
3e9c0fbf33bbb3a54bb08e0cea0c666b,wellness
5dca9010594d335e0d6dbe2b6b5ad1e7,beauty
7bca63131faedba4330d634e294ff866,beauty
ed7b24bb997ecd96713635e58b5a4baf,garden
b6918019623a040db558cd6ecad7877a,garden
cda09bffa28eba5482fc32a4568ffe81,wellness
7d2eaf7117cf5bd8ffb55405fa28dbb6,wellness
d6914efd7d78b619ea48c291e64f2e4f,other
530fc3ccc0e1576b93046a4d7a9f5bac,garden
7b714ae8ba023bb0a324d4773866f7e5,beauty
6cc3169f6be587701122893ca9e5cab9,wellness
c9222af9f11a55b84807c686cdb95f5b,wellness
112675c4d2634444eaa46367ea34d0eb,beauty
46fc16bbc08cdd4bb11bbe52548b646d,beauty
460a45caebe75152ae3284efee1198cf,other
91ca02ff97d1ba75d445cd83cc20d379,other
10a1fa71b2fd409e5ce023100312cf30,other
cefed800c35f3d9fb9af5d27e2763037,entertainment
66db9c734db709475298333ac6191af6,other
83f914d93d16b2638bac0ade1a76d6e7,wellness
782bd289a8fd94bc9fdcd8f5d2d50c1f,garden
15adb609af265e0031e30fedbf80bd8e,wellness
8f58e0a2430817276e3ae9341f2fe3b8,garden
3de0150d4cdabada24e0ae0252aaaadb,house
6363a2fe56335196e09f110634997a2c,pet care
7c6d76fe76b9c338453ab5d34f06a232,garden
907a2dc7f5c4f6a7266ad115a1ac71a5,garden
8f135506b8ddcdf5fe337dafab43f213,wellness
463ba50f8ff1da844096e8cfb167551e,wellness
f4473866b3985ac29a2a03a4f142b83a,wellness
526c5d92cf94dea11622f3394a255c9a,beauty
12068510876b275bd89c9ba0e7bb263f,wellness
cd207cfc8179fc55a14108943876c364,beauty
f9615a26c248daa7f9b42e2636148cce,wellness
5de7ec87614c41c1fafb18c29bb8bceb,beauty
0e293e93b282e3aaa7cf630d02d8b4a9,house
ff80f5b224e60f0ec42872a6311d988c,beauty
fc2ec8db970113f2712092be688302b6,entertainment
b2a3c3c4aa34ab51ce343cc97c1ad3a8,other
3a0b791fb7f1186b4bfc3e1903562a49,garden
3ae7bc3b6b568f6abf9db3b86479b728,beauty
1888dd7de37c03421ffd670db7208c46,house
fd366f08deeee435446593f5d1e31daa,garden
589fb5368328b4637bfe01f805a5f2bd,wellness
4d091a5a118398b9c4ebde2194de740d,wellness
de13519a9874a49aa65b8d27fafd2db4,wellness
919c31ba2d8f4a6e864711c91be64fc8,other
b3338d00c6a087c8b2b58b88a6324c24,wellness
ab09c998b6ed93dcf8272e4aaa60f08b,garden
c77306afe8201a3913c5fb80e40b881a,beauty
70cd4807798e5b1090416e3cbb025932,garden
07b5ac0f48e38d0934665c8841799f59,entertainment
ec61ba400eb9fdecdb6b9193c6719327,wellness
89a42717fe2a47d3ad89a8309fd2f403,pet care
9c38af30258e4ff77d40918e10f54bf0,beauty
d870bdaa99f9260079b167a30018f32d,house
5da1dbeaec6bc684d211a61c153cb275,pet care
b8f22478abebc5ab1179c39f1a409c4c,house
93338ebdc1272e4aff3f3c63910a901c,spirits
4f819727f0fcb538df39ad326fe51cf3,beauty
259639879c8e98a584523de1def104bd,wellness
671ff6d386ff5a5992e669b38a87f301,garden
2f084ad9f4f1ba6349c9e0fb5cfb72b2,pet care
d2fecb0a9b1dc7c6dd97cddba943877e,garden
467ea010589fd8e9d3723e396bbbdc53,entertainment
e125e7cefc0be34c85d3ffc56c816a7e,garden
848978bb84b7094f389904ee1e72cb03,house
ab2037d26cb7c145d4d931d74aab4fb1,pet care
e961eecde92746464d94c8f6a69c6af5,wellness
408083cd75284625ee8014a457aea907,beauty
14de2ad8ea6b5787330d3f305e69dc6c,house
4a7cda1d22fd43f2d74c9e95810afb46,other
4a8a078fead16388c5110b2c53c98e93,spirits
412709e1471aef59e4cbd3f158588e76,beauty
542a9d92909a114889153f964545e928,beauty
ecb0e485f08aafb0bae30723ea1621e2,wellness
d3cbb126a1756ce8abec43b14ecb7e2e,garden
da5af97c8a902df02faa4717ac01f55d,other
2ce07ff43b6a23b4146e6c664d0dcba4,beauty
7b0fb070f40a075bc5d8f0a45894da7a,beauty
9d08e107bab985ffe7888087d5253f30,garden
ad3e11c4b92af5e4e706855ba403360f,pet care
018cd764d4b819f3ab1bbfd3562796f0,entertainment
e6c577cb2e7bf1c802f8c05db61de80c,pet care
84d27ed6f561489002188716f179795a,other
d467104e49448f471e19630f8edcc272,garden
b8699f23f46f5a919b3a6db5c4f669b8,garden
75e6541c6bc7ceda5bdfeddc6da0c397,beauty
34c5eb20befa964908b6e95f6caae8e3,pet care
37d02feb68df4934ebb966598f9d65b8,wellness
ae382add53be9d7012111d09dc923492,beauty
142bd588161717c1981a3216d01bbb56,beauty
f152ff8ac380b55e6bf065da430f055b,house
dd13f351dfe0ad99a40b2fcbf725e19a,beauty
ea76be104c96b6f7baf1b3142827a907,wellness
0c56bea4653a2907b3d7c3329a1b7373,beauty
67956a7b8c29ce952e1a32081ead42c7,beauty
056b97454db692ea7fd5e59768690e0a,wellness
578d564cc85de2c329194a6073404994,garden
60d9aeb476bc39f12dd990855337ca3b,beauty
7cb563e4cf49a82f5d7e109d7ebbba40,garden
6a9eba4005689b16622c613840101f77,garden
48fb1d557197273cc56245662b4e8907,house
a497dbe39310cd3dbe66f3c04e908981,garden
a4632b920a633115d82926782dbf63c7,beauty
4464b67edac24489d9408d632a3836a2,beauty
76259044efa6ce27f4050202d2de062a,beauty
04974892c8437b0bf144b6fcb3a144d1,wellness
c4d09ed705397ac82912ca4a16f04140,pet care
2584eec728082e6571be25966839524c,garden
678532b18cb152928a2c7768f16c3a96,house
6f9fa870a4dfed0af55433a400005496,garden
bcd48b5cff34e0602e1e0ab9f4c51a41,other
7dd3cc502086efdd5be79f3288446576,wellness
6354a1006da50f5f3785039312a97267,garden
2dbd99532212cd6c4dec31cf2d6228bd,wellness
664f944932acf7670b76efd443b2e842,pet care
79e77759f48cb5301311e42d2ee955a1,beauty
d3c7a0c7af2f019cd9794000e523e040,garden
4a1d92a1861545bf856cdbbce408075f,garden
046337d6ee315bcc9ae6d7a7f2d49ee6,entertainment
b6a9c82a26d501a877b2a1e4e43b9e9f,pet care
af5f7444bedd2c683b2b6c6763d0aeb1,other
a6568f7ba12d4b6c0e4ff45a003b19c8,beauty
e94e1e030eec9fb69b851cd80070464d,entertainment
c9fd2a98d132d91387cdfffb5a1aac6a,wellness
fc85f57f4166a75a74123ea52704ef29,pet care
87dfb078246f507460e0cec3e2bdb2ca,wellness
39731029ceebfd9e93f0177144c6b115,wellness
d13808618cb0524de9d394183dd3bd31,wellness
cc735ee1423e62c6cd1f255274970d65,entertainment
436f0af195e4d4d6e6887c6fb1e4d398,entertainment
0245e67a746d2bf134c15331fe42c109,garden
50ab794ae55cd0cd9b4bffd691e25218,wellness
dde61536d08c9734b4553afbc6d47f9a,beauty
9ebb7e30e606c6a220ed0e6401c92286,beauty
553a6074d8d2adc53cc4212774499a7a,entertainment
be4ffe7deaa6e56f4fb1a099eaffdcbd,wellness
0f5224be38ce7df467e5ec51ae73c0fc,garden
4fbc687932872a4829a68c17374bd4cf,beauty
9ab6eebe93b360b77110eee977e028ad,beauty
59c6e17754641bb617837b5d30b21617,pet care
7bbb7e78522aa5e9c8b44970be3ecda8,wellness
a56017c60a15d7e26de5761bd7803f35,wellness
f752f934a64a8cdcf33e77453d60ae78,garden
acdfcce0b702d54be5310bb920497fbd,entertainment
5bded5d295096f4d2defd84ae85eec4c,garden
a749f4b15c3e7d43a2e49b39d846b1a4,beauty
814e53eda1d74a1c54625df3119faf76,other
c08f42db968dcd891d9ce20aadc1dafd,pet care
0511e00e94db476eb123d4238569e724,wellness
13f6d586f2a69ff0a9b92ed71038b5e2,garden
cbb745144d03c48caa9ebe457a6dc8f6,pet care
efe7d171aad31581e61749f742b86800,pet care
66bb4e2369627463fdb11751b8c21fab,beauty
f6301de5ec31ce0a5657ccd4dcd63587,house
3c1d473b51eeef11cc43f11fda5169d7,pet care
f13b949d1a7962b2f84fa72a6de38589,house
36d60a402da9bc13c92b878e4789bcf3,wellness
bb6a39df3bfbd140506e7aee2d75c842,beauty
639ab0178338c03d5b1def8f780b82d2,house
c5201e58daea92b32dde96c333420704,pet care
bf21ebe9e95d378d06aba1d8204d66db,pet care
9730e4878a861e4ae11a93d888739e5b,house
cc26bea555d906da54638c8708d56548,garden
3446b726902b8372e73daec7bbeea64f,beauty
04e51735f5ebd1aa9bc85dd1c7c96852,garden
5f4da0db0d845bf510a60070fa42d8f9,wellness
3dda4e4e1dd13c001c540c86950b0c52,pet care
79571bdba7e927181fa7c2615008a361,wellness
48018343acecd67b73ef00fbae0265e5,pet care
afa9529e79a02cefba94961ad584fe9a,garden
2e83845efbcdc0833f1e57d3ce6ba494,beauty
5ad420714fd261cff6fa39514488a152,garden
49ed8199f61752031dd320face497000,pet care
0572a115bc082c27835bd97db68245b5,entertainment
90cffabf5695bdb0c6ab45ee3407e911,wellness
b1a99c478264984a20a67ec9679a617f,pet care
b66da3b4da6ea9f7ecab6bd584f45ffe,entertainment
332e3562f6fc0b0f99bc10f3f5c2f58f,entertainment
db1f13669ed65df1b635cea9ae21edf4,beauty
8f978db4e9efe999f35aca8e05ab38c8,pet care
f4798ace0d967b51b7a50742dc02ad63,beauty
9a05fcb8f15a949658b82fd43af248ec,wellness
20fb5ec7d0d7eaa7a0b8c72767f429bf,wellness
5c295b865394b70221165443ce46a5f9,garden
1515521e0aa974fb7ed638e17f696e27,other
9616c930a490039df6f621d86813d4a6,garden
5a289891cfce0ef1ea305e83376e2b39,garden
787a211d6f9ed1a104cad631065efb2b,pet care
4304e4a43379111b7ad303e507819061,beauty
37ecfde7a993ae9b1d00352265d4659b,house
5075cd903bd0f667b3a9f2a014cd1ee0,garden
4a0a87024fba844ce818ea05e6d04ddd,beauty
db6a0af7cfc37e99b3b5370eaf7af29b,wellness
b26e81e72d37425b1449f14fe30c840b,house
10f8e03f831962ca900025d2846cc564,beauty
3c30db9f11e95ff6c14eba1578e16fb9,beauty
a99ff46491fedd51e97e36a1b653cfaa,wellness
e330a15fd8b2864f076180b71a406eda,beauty
4a59c1760692b51a2d56ee51b9b19356,wellness
eddf00140e89072af4449be8c1ea1f34,garden
c40b16e164464af924fec3bc3e205469,wellness
841c366a95d2f25c1152c3fb6ceb298b,house
2c6c880a5a986610829265be8dec10ff,garden
de7047665ce86fa9b945fe826bbf2511,wellness
abcae63a7f3ba1a3bbb8b439b9b1f5d3,wellness
2a1ec62fc549ca0d1ee098f1b9bf9831,beauty
cb3cb72c4224e62db19854ea62b4bf27,beauty
75711ea189a9c7b1c67b866a4f3907a6,wellness
2cc4e66d546be10a94a374f9f4f924ca,pet care
ace88beecba1b453ad1b55bee349ea91,garden
494301950af499e69fa26c7644288316,garden
0dab7ed64a82320cb2d11f413a108eb5,house
94197471349277a387f5b6f035cd8c44,garden
f1a1180ebe45d1ae08c53acc65ef5461,beauty
f592f7df4a39697d621bdce912572c02,pet care
3b27fe35b630d40160fa83f656c278d8,garden
3305c60753f139fd323e50fb8f445a4d,garden
28b948b505e12b45576cdc903c27038e,house
02ffd26ebce197557ba930151e94a4da,garden
25399752ec286dcfdbf0ccfec8408e22,house
05db8a9e0bda157d737c45072c2d0864,beauty
7ef128281cbfaf70a19315ccfb5ab0e2,pet care
4b31daf37f51993858212f7faa393790,house
0149e42b4f2d5a620c4efa216cee8426,beauty
e533f200687ce2e826e72af86806bdb1,pet care
678be4029744f64f98933743b511e353,spirits
93e6c691cb0bab10a9c87a567ca927e9,beauty
7f8f69145873d7e941622d5d85d90919,house
c4f04c4ff4335b3967bb548f0ba9f3c1,house
